{
    "R-001": {
        "x": 8.121320343559638,
        "y": 4.878679656440362,
        "battery": 90.79999999999987
    }
}