{
  "position": [
    16.68775755735988,
    6.073907901012666,
    0.0
  ],
  "battery": 53.25360141277301
}