{
  "position": [
    12.099441722272953,
    -34.2282525067599,
    0.0
  ],
  "battery": 22.151323928833044
}